{"cameraMode":{"drawMode":0,"name":"Shaded","section":"Shading Mode"},"sceneLighting":true,"audioPlay":false,"sceneViewState":{"showFog":true,"showMaterialUpdate":false,"showSkybox":true,"showFlares":true,"showImageEffects":true,"showParticleSystems":true},"in2DMode":false,"pivot":{"x":-6.368631362915039,"y":18.736061096191408,"z":7.468033790588379},"rotation":{"x":0.0036459597758948805,"y":-0.9960566759109497,"z":0.049345143139362338,"w":0.07364054024219513},"size":24.557876586914064,"orthographic":true}