{"cameraMode":{"drawMode":0,"name":"Shaded","section":"Shading Mode"},"sceneLighting":true,"audioPlay":false,"sceneViewState":{"showFog":true,"showMaterialUpdate":false,"showSkybox":true,"showFlares":true,"showImageEffects":true,"showParticleSystems":true},"in2DMode":false,"pivot":{"x":-2.085240364074707,"y":16.33234405517578,"z":38.076171875},"rotation":{"x":0.10935104638338089,"y":-0.6461970210075378,"z":0.09429370611906052,"w":0.7493867874145508},"size":85.9092025756836,"orthographic":true}