{"cameraMode":{"drawMode":0,"name":"Shaded","section":"Shading Mode"},"sceneLighting":true,"audioPlay":false,"sceneViewState":{"showFog":true,"showMaterialUpdate":false,"showSkybox":true,"showFlares":true,"showImageEffects":true,"showParticleSystems":true},"in2DMode":false,"pivot":{"x":-2.085240364074707,"y":16.33234405517578,"z":38.076171875},"rotation":{"x":0.12550292909145356,"y":-0.8274974822998047,"z":0.20460714399814607,"w":0.5075753927230835},"size":85.9092025756836,"orthographic":true}