{"cameraMode":{"drawMode":0,"name":"Shaded","section":"Shading Mode"},"sceneLighting":false,"audioPlay":false,"sceneViewState":{"showFog":true,"showMaterialUpdate":false,"showSkybox":false,"showFlares":true,"showImageEffects":true,"showParticleSystems":true},"in2DMode":false,"pivot":{"x":-9.261543273925782,"y":-6.294720649719238,"z":40.811336517333987},"rotation":{"x":-0.19856996834278108,"y":-0.40907710790634158,"z":0.09169107675552368,"w":-0.8858999609947205},"size":108.64005279541016,"orthographic":true}