{"cameraMode":{"drawMode":0,"name":"Shaded","section":"Shading Mode"},"sceneLighting":false,"audioPlay":false,"sceneViewState":{"showFog":true,"showMaterialUpdate":false,"showSkybox":false,"showFlares":true,"showImageEffects":true,"showParticleSystems":true},"in2DMode":false,"pivot":{"x":-17.349031448364259,"y":16.5625,"z":8.645281791687012},"rotation":{"x":-0.11520490050315857,"y":0.32865139842033389,"z":-0.0404278039932251,"w":-0.936526358127594},"size":2.8578836917877199,"orthographic":true}