{"cameraMode":{"drawMode":0,"name":"Shaded","section":"Shading Mode"},"sceneLighting":true,"audioPlay":false,"sceneViewState":{"showFog":true,"showMaterialUpdate":false,"showSkybox":true,"showFlares":true,"showImageEffects":true,"showParticleSystems":true},"in2DMode":false,"pivot":{"x":-7.498631477355957,"y":19.06606101989746,"z":7.468033790588379},"rotation":{"x":0.2578171491622925,"y":-0.0888257846236229,"z":0.023810477927327157,"w":0.9618074297904968},"size":79.98802185058594,"orthographic":true}