{"cameraMode":{"drawMode":0,"name":"Shaded","section":"Shading Mode"},"sceneLighting":true,"audioPlay":false,"sceneViewState":{"showFog":true,"showMaterialUpdate":false,"showSkybox":true,"showFlares":true,"showImageEffects":true,"showParticleSystems":true},"in2DMode":false,"pivot":{"x":-7.498631477355957,"y":19.06606101989746,"z":7.468033790588379},"rotation":{"x":0.015614308416843415,"y":-0.983879804611206,"z":0.10906186699867249,"w":0.14086289703845979},"size":49.44614028930664,"orthographic":true}