{"cameraMode":{"drawMode":0,"name":"Shaded","section":"Shading Mode"},"sceneLighting":true,"audioPlay":false,"sceneViewState":{"showFog":true,"showMaterialUpdate":false,"showSkybox":true,"showFlares":true,"showImageEffects":true,"showParticleSystems":true},"in2DMode":false,"pivot":{"x":-5.424560546875,"y":5.982421875,"z":-5.583984375},"rotation":{"x":0.0002715077134780586,"y":-0.9990342855453491,"z":0.04348525032401085,"w":0.006291623692959547},"size":13.642906188964844,"orthographic":true}