{"cameraMode":{"drawMode":0,"name":"Shaded","section":"Shading Mode"},"sceneLighting":false,"audioPlay":false,"sceneViewState":{"showFog":true,"showMaterialUpdate":false,"showSkybox":false,"showFlares":true,"showImageEffects":true,"showParticleSystems":true},"in2DMode":false,"pivot":{"x":3.1599998474121095,"y":17.366392135620118,"z":7.878396034240723},"rotation":{"x":0.004102334380149841,"y":-0.995562732219696,"z":0.05231513828039169,"w":0.07810988277196884},"size":20.320354461669923,"orthographic":true}