{"cameraMode":{"drawMode":0,"name":"Shaded","section":"Shading Mode"},"sceneLighting":true,"audioPlay":false,"sceneViewState":{"showFog":true,"showMaterialUpdate":false,"showSkybox":true,"showFlares":true,"showImageEffects":true,"showParticleSystems":true},"in2DMode":false,"pivot":{"x":-27.384403228759767,"y":17.33639144897461,"z":73.99839782714844},"rotation":{"x":-0.23744358122348786,"y":-0.7623482346534729,"z":0.4153827130794525,"w":-0.4357786178588867},"size":160.9091339111328,"orthographic":true}